Team,Player,Event,Mins,Secs,X,Y,X2,Y2,mitad,tiempo_total,fecha
Estrella,Retamozo,despeje,1.0,14.0,50.0,50.0,,,1,74.0,3
Estrella,Romo,recuperacion,1.0,17.0,55.0,52.0,,,1,77.0,3
Estrella,Romo,pase,1.0,18.0,55.0,52.0,59.0,42.0,1,78.0,3
Estrella,Villoldo,pase,1.0,19.0,59.0,41.0,55.0,25.0,1,79.0,3
Estrella,Dedomingo,pase,1.0,19.0,55.0,24.0,70.0,31.0,1,79.0,3
Estrella,Risculese,pase,1.0,22.0,70.0,30.0,75.0,10.0,1,82.0,3
Estrella,Gerardi,recuperacion,2.0,22.0,3.0,62.0,,,1,142.0,3
Estrella,Gerardi,pase,2.0,29.0,14.0,62.0,65.0,72.0,1,149.0,3
Estrella,Barneix,recuperacion,2.0,32.0,40.0,80.0,,,1,152.0,3
Estrella,Barneix,pase,2.0,34.0,40.0,79.0,65.0,95.0,1,154.0,3
Estrella,Villoldo,perdida,2.0,37.0,65.0,95.0,,,1,157.0,3
Estrella,Barneix,despeje,3.0,1.0,42.0,94.0,,,1,181.0,3
Estrella,Gerardi,pase,3.0,37.0,5.0,62.0,68.0,67.0,1,217.0,3
Estrella,Retamozo,recuperacion,3.0,40.0,45.0,50.0,,,1,220.0,3
Estrella,Retamozo,pase,3.0,41.0,44.0,49.0,45.0,58.0,1,221.0,3
Estrella,Romo,pase,3.0,43.0,44.0,57.0,45.0,79.0,1,223.0,3
Estrella,Barneix,pase,3.0,48.0,44.0,79.0,96.0,58.0,1,228.0,3
Estrella,Retamozo,despeje,4.0,5.0,25.0,62.0,,,1,245.0,3
Estrella,Sanjiau,despeje,4.0,46.0,10.0,61.0,,,1,286.0,3
Estrella,Villoldo,despeje,4.0,48.0,19.0,53.0,,,1,288.0,3
Estrella,Sanjiau,despeje,4.0,49.0,15.0,66.0,,,1,289.0,3
Estrella,Dedomingo,recuperacion,4.0,52.0,20.0,68.0,,,1,292.0,3
Estrella,Dedomingo,perdida,4.0,54.0,28.0,67.0,,,1,294.0,3
Estrella,Gerardi,recuperacion,4.0,56.0,4.0,57.0,,,1,296.0,3
Estrella,Gerardi,pase,5.0,3.0,4.0,56.0,24.0,6.0,1,303.0,3
Estrella,Tourn,conduccion,5.0,8.0,24.0,6.0,33.0,5.0,1,308.0,3
Estrella,Tourn,pase,5.0,9.0,33.0,4.0,69.0,63.0,1,309.0,3
Estrella,Videla,falta recibida,5.0,11.0,69.0,62.0,,,1,311.0,3
Estrella,Dedomingo,tiro libre,6.0,9.0,69.0,62.0,98.0,58.0,1,369.0,3
Estrella,Barneix,despeje,6.0,15.0,35.0,74.0,,,1,375.0,3
Estrella,Retamozo,recuperacion,6.0,16.0,45.0,86.0,,,1,376.0,3
Estrella,Retamozo,pase,6.0,19.0,44.0,86.0,68.0,91.0,1,379.0,3
Estrella,Romo,recuperacion,6.0,20.0,50.0,91.0,,,1,380.0,3
Estrella,Romo,pase,6.0,21.0,50.0,90.0,75.0,85.0,1,381.0,3
Estrella,Videla,perdida,6.0,23.0,74.0,84.0,,,1,383.0,3
Estrella,Villoldo,recuperacion,6.0,26.0,50.0,64.0,,,1,386.0,3
Estrella,Villoldo,pase,6.0,27.0,50.0,63.0,55.0,67.0,1,387.0,3
Estrella,Romo,pase,6.0,27.0,55.0,67.0,50.0,73.0,1,387.0,3
Estrella,Villoldo,pase,6.0,29.0,50.0,73.0,65.0,71.0,1,389.0,3
Estrella,Dedomingo,pase,6.0,30.0,64.0,71.0,81.0,91.0,1,390.0,3
Estrella,Barneix,centro,6.0,34.0,80.0,91.0,80.0,63.0,1,394.0,3
Estrella,Villoldo,perdida,6.0,35.0,80.0,63.0,,,1,395.0,3
Estrella,Barneix,centro,6.0,55.0,80.0,98.0,89.0,66.0,1,415.0,3
Estrella,Romo,pase,6.0,58.0,89.0,65.0,84.0,70.0,1,418.0,3
Estrella,Villoldo,pase,7.0,2.0,83.0,68.0,84.0,79.0,1,422.0,3
Estrella,Barneix,pase,7.0,2.0,84.0,78.0,77.0,78.0,1,422.0,3
Estrella,Retamozo,centro,7.0,5.0,76.0,78.0,90.0,35.0,1,425.0,3
Estrella,Videla,perdida,7.0,6.0,90.0,34.0,,,1,426.0,3
Estrella,Risculese,recuperacion,7.0,8.0,85.0,19.0,,,1,428.0,3
Estrella,Risculese,conduccion,7.0,11.0,84.0,18.0,90.0,5.0,1,431.0,3
Estrella,Risculese,centro,7.0,14.0,90.0,5.0,98.0,66.0,1,434.0,3
Estrella,Barneix,pase,7.0,15.0,98.0,66.0,88.0,64.0,1,435.0,3
Estrella,Videla,remate,7.0,16.0,87.0,63.0,98.0,46.0,1,436.0,3
Estrella,Retamozo,recuperacion,7.0,19.0,58.0,49.0,,,1,439.0,3
Estrella,Retamozo,remate,7.0,23.0,58.0,48.0,99.0,59.0,1,443.0,3
Estrella,Sanjiau,recuperacion,8.0,6.0,10.0,21.0,,,1,486.0,3
Estrella,Sanjiau,perdida,8.0,9.0,10.0,12.0,,,1,489.0,3
Estrella,Retamozo,despeje,8.0,14.0,1.0,18.0,,,1,494.0,3
Estrella,Gerardi,pase,8.0,30.0,1.0,39.0,5.0,31.0,1,510.0,3
Estrella,Graso,pase,8.0,33.0,5.0,29.0,25.0,4.0,1,513.0,3
Estrella,Tourn,pase,8.0,37.0,25.0,3.0,64.0,21.0,1,517.0,3
Estrella,Barneix,recuperacion,8.0,48.0,30.0,74.0,,,1,528.0,3
Estrella,Barneix,conduccion,8.0,52.0,30.0,73.0,44.0,83.0,1,532.0,3
Estrella,Barneix,pase,8.0,52.0,44.0,83.0,45.0,67.0,1,532.0,3
Estrella,Romo,pase,8.0,54.0,45.0,67.0,25.0,91.0,1,534.0,3
Estrella,Sanjiau,pase,9.0,0.0,24.0,91.0,89.0,95.0,1,540.0,3
Estrella,Romo,despeje,9.0,55.0,65.0,97.0,,,1,595.0,3
Estrella,Retamozo,despeje,10.0,10.0,35.0,91.0,,,1,610.0,3
Estrella,Romo,recuperacion,10.0,11.0,40.0,90.0,,,1,611.0,3
Estrella,Romo,pase,10.0,12.0,40.0,90.0,35.0,91.0,1,612.0,3
Estrella,Retamozo,pase,10.0,14.0,35.0,91.0,50.0,89.0,1,614.0,3
Estrella,Dedomingo,despeje,10.0,46.0,54.0,13.0,,,1,646.0,3
Estrella,Retamozo,recuperacion,10.0,49.0,54.0,29.0,,,1,649.0,3
Estrella,Retamozo,pase,10.0,51.0,54.0,28.0,70.0,48.0,1,651.0,3
Estrella,Videla,pase,10.0,52.0,70.0,47.0,70.0,31.0,1,652.0,3
Estrella,Villoldo,pase,10.0,55.0,69.0,30.0,90.0,72.0,1,655.0,3
Estrella,Barneix,centro,10.0,56.0,90.0,71.0,85.0,38.0,1,656.0,3
Estrella,Sanjiau,despeje,11.0,1.0,40.0,74.0,,,1,661.0,3
Estrella,Barneix,despeje,11.0,11.0,34.0,93.0,,,1,671.0,3
Estrella,Romo,falta recibida,11.0,17.0,35.0,88.0,,,1,677.0,3
Estrella,Sanjiau,tiro libre,11.0,41.0,35.0,88.0,90.0,36.0,1,701.0,3
Estrella,Risculese,perdida,11.0,41.0,90.0,35.0,,,1,701.0,3
Estrella,Retamozo,despeje,11.0,46.0,49.0,33.0,,,1,706.0,3
Estrella,Retamozo,falta cometida,11.0,50.0,48.0,43.0,,,1,710.0,3
Estrella,Barneix,despeje,12.0,17.0,10.0,79.0,,,1,737.0,3
Estrella,Sanjiau,recuperacion,12.0,30.0,15.0,65.0,,,1,750.0,3
Estrella,Sanjiau,pase,12.0,31.0,15.0,65.0,20.0,62.0,1,751.0,3
Estrella,Romo,pase,12.0,34.0,20.0,61.0,57.0,52.0,1,754.0,3
Estrella,Dedomingo,recuperacion,12.0,37.0,35.0,15.0,,,1,757.0,3
Estrella,Dedomingo,conduccion,12.0,43.0,35.0,15.0,50.0,5.0,1,763.0,3
Estrella,Dedomingo,pase,12.0,44.0,51.0,5.0,65.0,4.0,1,764.0,3
Estrella,Tourn,pase,12.0,46.0,65.0,3.0,55.0,7.0,1,766.0,3
Estrella,Risculese,conduccion,12.0,50.0,55.0,7.0,74.0,34.0,1,770.0,3
Estrella,Risculese,remate,12.0,51.0,74.0,33.0,97.0,41.0,1,771.0,3
Estrella,Barneix,recuperacion,13.0,7.0,30.0,80.0,,,1,787.0,3
Estrella,Barneix,pase,13.0,8.0,30.0,79.0,35.0,80.0,1,788.0,3
Estrella,Romo,pase,13.0,10.0,35.0,79.0,55.0,97.0,1,790.0,3
Estrella,Videla,pase,13.0,14.0,55.0,95.0,50.0,81.0,1,794.0,3
Estrella,Villoldo,pase,13.0,18.0,49.0,80.0,44.0,68.0,1,798.0,3
Estrella,Retamozo,pase,13.0,21.0,43.0,68.0,45.0,10.0,1,801.0,3
Estrella,Tourn,pase,13.0,25.0,45.0,9.0,24.0,19.0,1,805.0,3
Estrella,Graso,pase,13.0,26.0,24.0,18.0,34.0,43.0,1,806.0,3
Estrella,Retamozo,pase,13.0,29.0,34.0,42.0,25.0,56.0,1,809.0,3
Estrella,Graso,despeje,13.0,35.0,16.0,26.0,,,1,815.0,3
Estrella,Risculese,recuperacion,13.0,38.0,45.0,33.0,,,1,818.0,3
Estrella,Risculese,pase,13.0,39.0,45.0,31.0,40.0,42.0,1,819.0,3
Estrella,Romo,pase,13.0,41.0,40.0,41.0,45.0,50.0,1,821.0,3
Estrella,Risculese,falta recibida,13.0,55.0,60.0,16.0,,,1,835.0,3
Estrella,Villoldo,tiro libre,14.0,41.0,60.0,15.0,90.0,47.0,1,881.0,3
Estrella,Graso,recuperacion,14.0,55.0,20.0,16.0,,,1,895.0,3
Estrella,Graso,conduccion,14.0,55.0,20.0,15.0,15.0,5.0,1,895.0,3
Estrella,Graso,pase,14.0,56.0,15.0,4.0,25.0,4.0,1,896.0,3
Estrella,Tourn,pase,14.0,58.0,24.0,3.0,20.0,10.0,1,898.0,3
Estrella,Graso,despeje,15.0,1.0,5.0,19.0,,,1,901.0,3
Estrella,Gerardi,pase,16.0,15.0,4.0,36.0,55.0,35.0,1,975.0,3
Estrella,Sanjiau,despeje,16.0,19.0,20.0,62.0,,,1,979.0,3
Estrella,Villoldo,recuperacion,16.0,20.0,35.0,48.0,,,1,980.0,3
Estrella,Villoldo,pase,16.0,22.0,35.0,46.0,26.0,61.0,1,982.0,3
Estrella,Sanjiau,pase,16.0,23.0,24.0,62.0,50.0,52.0,1,983.0,3
Estrella,Risculese,pase,16.0,25.0,49.0,51.0,49.0,76.0,1,985.0,3
Estrella,Romo,pase,16.0,28.0,49.0,76.0,84.0,88.0,1,988.0,3
Estrella,Romo,recuperacion,16.0,33.0,80.0,96.0,,,1,993.0,3
Estrella,Romo,pase,16.0,34.0,80.0,95.0,90.0,85.0,1,994.0,3
Estrella,Videla,pase,16.0,35.0,90.0,84.0,86.0,76.0,1,995.0,3
Estrella,Barneix,pase,16.0,44.0,85.0,98.0,70.0,87.0,1,1004.0,3
Estrella,Retamozo,pase,16.0,45.0,70.0,86.0,76.0,80.0,1,1005.0,3
Estrella,Villoldo,pase,16.0,46.0,76.0,80.0,76.0,93.0,1,1006.0,3
Estrella,Barneix,centro,16.0,49.0,75.0,93.0,80.0,91.0,1,1009.0,3
Estrella,Barneix,centro,16.0,58.0,80.0,98.0,88.0,78.0,1,1018.0,3
Estrella,Romo,pase,16.0,59.0,88.0,76.0,92.0,92.0,1,1019.0,3
Estrella,Villoldo,conduccion,17.0,3.0,92.0,91.0,97.0,84.0,1,1023.0,3
Estrella,Villoldo,centro,17.0,5.0,97.0,84.0,96.0,43.0,1,1025.0,3
Estrella,Gerardi,recuperacion,17.0,16.0,5.0,28.0,,,1,1036.0,3
Estrella,Gerardi,pase,17.0,24.0,4.0,26.0,7.0,62.0,1,1044.0,3
Estrella,Sanjiau,pase,17.0,28.0,6.0,62.0,40.0,5.0,1,1048.0,3
Estrella,Tourn,pase,17.0,30.0,40.0,3.0,40.0,18.0,1,1050.0,3
Estrella,Dedomingo,pase,17.0,33.0,39.0,18.0,65.0,7.0,1,1053.0,3
Estrella,Tourn,conduccion,17.0,35.0,65.0,6.0,83.0,5.0,1,1055.0,3
Estrella,Tourn,centro,17.0,37.0,83.0,3.0,90.0,35.0,1,1057.0,3
Estrella,Barneix,recuperacion,17.0,40.0,50.0,76.0,,,1,1060.0,3
Estrella,Barneix,pase,17.0,42.0,50.0,76.0,57.0,58.0,1,1062.0,3
Estrella,Romo,pase,17.0,43.0,57.0,57.0,53.0,50.0,1,1063.0,3
Estrella,Retamozo,pase,17.0,46.0,53.0,49.0,88.0,60.0,1,1066.0,3
Estrella,Videla,recuperacion,17.0,48.0,80.0,60.0,,,1,1068.0,3
Estrella,Videla,pase,17.0,49.0,80.0,60.0,75.0,64.0,1,1069.0,3
Estrella,Romo,pase,17.0,50.0,74.0,63.0,75.0,48.0,1,1070.0,3
Estrella,Villoldo,pase,17.0,52.0,75.0,48.0,70.0,60.0,1,1072.0,3
Estrella,Romo,recuperacion,18.0,4.0,25.0,93.0,,,1,1084.0,3
Estrella,Barneix,pase,18.0,14.0,30.0,98.0,60.0,93.0,1,1094.0,3
Estrella,Risculese,recuperacion,18.0,16.0,80.0,90.0,,,1,1096.0,3
Estrella,Risculese,perdida,18.0,18.0,85.0,90.0,,,1,1098.0,3
Estrella,Barneix,pase,18.0,25.0,60.0,98.0,70.0,87.0,1,1105.0,3
Estrella,Villoldo,pase,18.0,26.0,70.0,85.0,70.0,94.0,1,1106.0,3
Estrella,Barneix,pase,18.0,27.0,70.0,93.0,70.0,83.0,1,1107.0,3
Estrella,Villoldo,pase,18.0,29.0,69.0,82.0,85.0,94.0,1,1109.0,3
Estrella,Barneix,centro,18.0,32.0,85.0,93.0,90.0,33.0,1,1112.0,3
Estrella,Dedomingo,remate,18.0,34.0,90.0,31.0,98.0,65.0,1,1114.0,3
Estrella,Retamozo,despeje,19.0,3.0,30.0,68.0,,,1,1143.0,3
Estrella,Barneix,despeje,19.0,6.0,35.0,89.0,,,1,1146.0,3
Estrella,Barneix,despeje,19.0,11.0,35.0,96.0,,,1,1151.0,3
Estrella,Barneix,falta cometida,19.0,31.0,30.0,88.0,,,1,1171.0,3
Estrella,Sanjiau,despeje,20.0,11.0,10.0,58.0,,,1,1211.0,3
Estrella,Retamozo,despeje,20.0,14.0,10.0,72.0,,,1,1214.0,3
Estrella,Villoldo,recuperacion,20.0,15.0,1.0,73.0,,,1,1215.0,3
Estrella,Villoldo,pase,20.0,16.0,1.0,71.0,6.0,94.0,1,1216.0,3
Estrella,Barneix,despeje,20.0,18.0,6.0,93.0,,,1,1218.0,3
Estrella,Barneix,pase,20.0,28.0,10.0,98.0,26.0,97.0,1,1228.0,3
Estrella,Villoldo,pase,20.0,30.0,26.0,95.0,40.0,96.0,1,1230.0,3
Estrella,Videla,pase,20.0,31.0,40.0,95.0,35.0,90.0,1,1231.0,3
Estrella,Villoldo,perdida,20.0,33.0,35.0,89.0,,,1,1233.0,3
Estrella,Romo,recuperacion,20.0,35.0,25.0,93.0,,,1,1235.0,3
Estrella,Romo,pase,20.0,37.0,25.0,92.0,18.0,95.0,1,1237.0,3
Estrella,Barneix,despeje,20.0,38.0,19.0,94.0,,,1,1238.0,3
Estrella,Sanjiau,despeje,20.0,39.0,15.0,79.0,,,1,1239.0,3
Estrella,Barneix,pase,21.0,22.0,15.0,98.0,65.0,93.0,1,1282.0,3
Estrella,Romo,perdida,21.0,25.0,65.0,93.0,,,1,1285.0,3
Estrella,Romo,recuperacion,21.0,40.0,30.0,76.0,,,1,1300.0,3
Estrella,Romo,pase,21.0,43.0,30.0,75.0,18.0,25.0,1,1303.0,3
Estrella,Tourn,conduccion,21.0,47.0,17.0,24.0,44.0,11.0,1,1307.0,3
Estrella,Tourn,pase,21.0,49.0,44.0,10.0,80.0,5.0,1,1309.0,3
Estrella,Risculese,conduccion,21.0,53.0,80.0,4.0,70.0,19.0,1,1313.0,3
Estrella,Risculese,pase,21.0,54.0,70.0,18.0,70.0,28.0,1,1314.0,3
Estrella,Dedomingo,perdida,21.0,55.0,70.0,27.0,,,1,1315.0,3
Estrella,Barneix,recuperacion,22.0,2.0,20.0,56.0,,,1,1322.0,3
Estrella,Sanjiau,despeje,22.0,4.0,20.0,56.0,,,1,1324.0,3
Estrella,Videla,recuperacion,22.0,9.0,45.0,56.0,,,1,1329.0,3
Estrella,Videla,pase,22.0,10.0,45.0,56.0,51.0,50.0,1,1330.0,3
Estrella,Romo,pase,22.0,11.0,50.0,49.0,58.0,50.0,1,1331.0,3
Estrella,Risculese,pase,22.0,14.0,58.0,49.0,45.0,41.0,1,1334.0,3
Estrella,Retamozo,pase,22.0,15.0,44.0,39.0,50.0,30.0,1,1335.0,3
Estrella,Dedomingo,conduccion,22.0,21.0,50.0,28.0,49.0,61.0,1,1341.0,3
Estrella,Dedomingo,pase,22.0,23.0,49.0,60.0,90.0,97.0,1,1343.0,3
Estrella,Barneix,despeje,22.0,53.0,49.0,97.0,,,1,1373.0,3
Estrella,Sanjiau,despeje,23.0,2.0,29.0,95.0,,,1,1382.0,3
Estrella,Gerardi,despeje,23.0,24.0,1.0,48.0,,,1,1404.0,3
Estrella,Graso,despeje,24.0,2.0,5.0,48.0,,,1,1442.0,3
Estrella,Villoldo,recuperacion,24.0,4.0,16.0,52.0,,,1,1444.0,3
Estrella,Villoldo,conduccion,24.0,5.0,16.0,50.0,19.0,69.0,1,1445.0,3
Estrella,Villoldo,pase,24.0,7.0,19.0,68.0,45.0,88.0,1,1447.0,3
Estrella,Videla,conduccion,24.0,12.0,44.0,89.0,69.0,58.0,1,1452.0,3
Estrella,Videla,pase,24.0,13.0,69.0,57.0,84.0,76.0,1,1453.0,3
Estrella,Villoldo,conduccion,24.0,16.0,84.0,75.0,95.0,71.0,1,1456.0,3
Estrella,Villoldo,centro,24.0,17.0,95.0,71.0,,,1,1457.0,3
Estrella,Dedomingo,corner,24.0,46.0,99.0,99.0,94.0,50.0,1,1486.0,3
Estrella,Gerardi,pase,25.0,30.0,8.0,50.0,8.0,63.0,1,1530.0,3
Estrella,Sanjiau,pase,25.0,33.0,8.0,62.0,14.0,97.0,1,1533.0,3
Estrella,Barneix,conduccion,25.0,40.0,14.0,96.0,60.0,94.0,1,1540.0,3
Estrella,Barneix,pase,25.0,41.0,59.0,94.0,75.0,79.0,1,1541.0,3
Estrella,Risculese,pase,25.0,42.0,75.0,78.0,66.0,79.0,1,1542.0,3
Estrella,Romo,pase,25.0,43.0,65.0,78.0,68.0,60.0,1,1543.0,3
Estrella,Villoldo,pase,25.0,45.0,68.0,58.0,69.0,93.0,1,1545.0,3
Estrella,Barneix,centro,25.0,49.0,68.0,93.0,86.0,47.0,1,1549.0,3
Estrella,Dedomingo,recuperacion,25.0,52.0,85.0,18.0,,,1,1552.0,3
Estrella,Dedomingo,pase,25.0,54.0,84.0,16.0,80.0,25.0,1,1554.0,3
Estrella,Retamozo,pase,25.0,56.0,80.0,24.0,95.0,17.0,1,1556.0,3
Estrella,Dedomingo,centro,25.0,57.0,95.0,16.0,,,1,1557.0,3
Estrella,Villoldo,corner,26.0,45.0,100.0,0.0,85.0,49.0,1,1605.0,3
Estrella,Videla,pase,26.0,45.0,84.0,49.0,90.0,63.0,1,1605.0,3
Estrella,Barneix,recuperacion,26.0,52.0,85.0,92.0,,,1,1612.0,3
Estrella,Barneix,perdida,26.0,53.0,85.0,97.0,,,1,1613.0,3
Estrella,Retamozo,despeje,27.0,9.0,20.0,96.0,,,1,1629.0,3
Estrella,Romo,despeje,27.0,11.0,20.0,85.0,,,1,1631.0,3
Estrella,Retamozo,despeje,27.0,12.0,20.0,96.0,,,1,1632.0,3
Estrella,Retamozo,despeje,27.0,14.0,24.0,95.0,,,1,1634.0,3
Estrella,Barneix,pase,27.0,35.0,15.0,99.0,60.0,94.0,1,1655.0,3
Estrella,Villoldo,perdida,27.0,37.0,60.0,93.0,,,1,1657.0,3
Estrella,Graso,recuperacion,27.0,42.0,15.0,36.0,,,1,1662.0,3
Estrella,Graso,pase,27.0,42.0,15.0,35.0,25.0,44.0,1,1662.0,3
Estrella,Retamozo,pase,27.0,44.0,25.0,43.0,15.0,42.0,1,1664.0,3
Estrella,Graso,despeje,27.0,47.0,15.0,41.0,,,1,1667.0,3
Estrella,Retamozo,recuperacion,27.0,48.0,25.0,47.0,,,1,1668.0,3
Estrella,Retamozo,pase,27.0,49.0,24.0,46.0,45.0,59.0,1,1669.0,3
Estrella,Romo,pase,27.0,52.0,45.0,59.0,30.0,7.0,1,1672.0,3
Estrella,Tourn,pase,27.0,56.0,30.0,6.0,15.0,22.0,1,1676.0,3
Estrella,Graso,pase,27.0,58.0,15.0,22.0,6.0,38.0,1,1678.0,3
Estrella,Gerardi,pase,28.0,3.0,4.0,37.0,30.0,4.0,1,1683.0,3
Estrella,Tourn,pase,28.0,7.0,29.0,3.0,35.0,17.0,1,1687.0,3
Estrella,Dedomingo,pase,28.0,10.0,35.0,16.0,67.0,14.0,1,1690.0,3
Estrella,Risculese,pase,28.0,11.0,67.0,12.0,60.0,22.0,1,1691.0,3
Estrella,Romo,pase,28.0,14.0,60.0,22.0,71.0,2.0,1,1694.0,3
Estrella,Tourn,pase,28.0,44.0,55.0,1.0,70.0,5.0,1,1724.0,3
Estrella,Risculese,pase,28.0,45.0,70.0,4.0,60.0,3.0,1,1725.0,3
Estrella,Tourn,pase,28.0,47.0,60.0,3.0,74.0,10.0,1,1727.0,3
Estrella,Risculese,perdida,28.0,47.0,74.0,9.0,,,1,1727.0,3
Estrella,Graso,recuperacion,28.0,50.0,45.0,16.0,,,1,1730.0,3
Estrella,Graso,pase,28.0,51.0,44.0,15.0,55.0,23.0,1,1731.0,3
Estrella,Romo,pase,28.0,52.0,55.0,22.0,45.0,32.0,1,1732.0,3
Estrella,Retamozo,pase,28.0,54.0,44.0,30.0,30.0,37.0,1,1734.0,3
Estrella,Sanjiau,pase,28.0,57.0,30.0,36.0,43.0,43.0,1,1737.0,3
Estrella,Retamozo,pase,29.0,0.0,43.0,43.0,55.0,90.0,1,1740.0,3
Estrella,Barneix,conduccion,29.0,3.0,55.0,89.0,74.0,92.0,1,1743.0,3
Estrella,Barneix,pase,29.0,4.0,74.0,92.0,64.0,84.0,1,1744.0,3
Estrella,Dedomingo,pase,29.0,6.0,64.0,83.0,85.0,94.0,1,1746.0,3
Estrella,Barneix,centro,29.0,9.0,85.0,93.0,88.0,66.0,1,1749.0,3
Estrella,Retamozo,recuperacion,29.0,13.0,60.0,66.0,,,1,1753.0,3
Estrella,Retamozo,pase,29.0,14.0,61.0,66.0,39.0,73.0,1,1754.0,3
Estrella,Sanjiau,pase,29.0,17.0,38.0,74.0,75.0,22.0,1,1757.0,3
Estrella,Risculese,recuperacion,29.0,19.0,68.0,32.0,,,1,1759.0,3
Estrella,Risculese,pase,29.0,21.0,68.0,30.0,85.0,6.0,1,1761.0,3
Estrella,Videla,centro,29.0,26.0,85.0,5.0,90.0,45.0,1,1766.0,3
Estrella,Dedomingo,recuperacion,29.0,34.0,45.0,12.0,,,1,1774.0,3
Estrella,Dedomingo,pase,29.0,37.0,44.0,11.0,24.0,8.0,1,1777.0,3
Estrella,Tourn,pase,29.0,41.0,24.0,8.0,55.0,27.0,1,1781.0,3
Estrella,Romo,recuperacion,29.0,44.0,45.0,36.0,,,1,1784.0,3
Estrella,Romo,pase,29.0,45.0,45.0,35.0,30.0,22.0,1,1785.0,3
Estrella,Retamozo,pase,29.0,49.0,30.0,22.0,35.0,80.0,1,1789.0,3
Estrella,Barneix,pase,29.0,52.0,34.0,79.0,45.0,61.0,1,1792.0,3
Estrella,Villoldo,pase,29.0,55.0,45.0,60.0,55.0,93.0,1,1795.0,3
Estrella,Barneix,pase,29.0,57.0,55.0,92.0,70.0,78.0,1,1797.0,3
Estrella,Romo,pase,29.0,59.0,69.0,76.0,87.0,96.0,1,1799.0,3
Estrella,Videla,pase,30.0,0.0,87.0,95.0,79.0,95.0,1,1800.0,3
Estrella,Barneix,centro,30.0,2.0,79.0,94.0,89.0,72.0,1,1802.0,3
Estrella,Villoldo,recuperacion,30.0,3.0,83.0,73.0,,,1,1803.0,3
Estrella,Villoldo,remate,30.0,4.0,83.0,72.0,91.0,63.0,1,1804.0,3
Estrella,Risculese,recuperacion,30.0,6.0,85.0,59.0,,,1,1806.0,3
Estrella,Risculese,remate,30.0,7.0,85.0,58.0,90.0,55.0,1,1807.0,3
Estrella,Villoldo,recuperacion,30.0,8.0,83.0,62.0,,,1,1808.0,3
Estrella,Villoldo,remate,30.0,10.0,83.0,62.0,99.0,40.0,1,1810.0,3
Estrella,Barneix,pase,30.0,33.0,14.0,98.0,25.0,80.0,1,1833.0,3
Estrella,Retamozo,pase,30.0,37.0,25.0,79.0,65.0,53.0,1,1837.0,3
Estrella,Villoldo,recuperacion,30.0,38.0,55.0,86.0,,,1,1838.0,3
Estrella,Villoldo,pase,30.0,40.0,55.0,85.0,72.0,79.0,1,1840.0,3
Estrella,Videla,pase,30.0,41.0,71.0,79.0,51.0,65.0,1,1841.0,3
Estrella,Romo,pase,30.0,44.0,51.0,65.0,50.0,14.0,1,1844.0,3
Estrella,Tourn,conduccion,30.0,48.0,50.0,13.0,65.0,11.0,1,1848.0,3
Estrella,Tourn,centro,30.0,50.0,65.0,8.0,90.0,69.0,1,1850.0,3
Estrella,Villoldo,pase,30.0,51.0,89.0,69.0,82.0,54.0,1,1851.0,3
Estrella,Retamozo,despeje,31.0,20.0,25.0,66.0,,,1,1880.0,3
Estrella,Romo,recuperacion,31.0,23.0,60.0,76.0,,,1,1883.0,3
Estrella,Romo,pase,31.0,26.0,60.0,75.0,75.0,95.0,1,1886.0,3
Estrella,Videla,conduccion,31.0,30.0,75.0,94.0,83.0,75.0,1,1890.0,3
Estrella,Videla,pase,31.0,31.0,84.0,76.0,70.0,74.0,1,1891.0,3
Estrella,Retamozo,remate,31.0,33.0,70.0,73.0,98.0,39.0,1,1893.0,3
Estrella,Gerardi,recuperacion,31.0,55.0,9.0,24.0,,,1,1915.0,3
Estrella,Gerardi,pase,31.0,58.0,9.0,23.0,30.0,2.0,1,1918.0,3
Estrella,Tourn,pase,32.0,1.0,29.0,2.0,15.0,19.0,1,1921.0,3
Estrella,Graso,pase,32.0,4.0,14.0,17.0,4.0,41.0,1,1924.0,3
Estrella,Gerardi,pase,32.0,8.0,3.0,39.0,16.0,22.0,1,1928.0,3
Estrella,Graso,pase,32.0,12.0,15.0,21.0,45.0,4.0,1,1932.0,3
Estrella,Tourn,conduccion,32.0,16.0,45.0,4.0,65.0,3.0,1,1936.0,3
Estrella,Tourn,perdida,32.0,17.0,65.0,2.0,,,1,1937.0,3
Estrella,Tourn,recuperacion,32.0,21.0,60.0,3.0,,,1,1941.0,3
Estrella,Tourn,pase,32.0,25.0,60.0,1.0,56.0,13.0,1,1945.0,3
Estrella,Dedomingo,pase,32.0,26.0,55.0,12.0,47.0,35.0,1,1946.0,3
Estrella,Retamozo,pase,32.0,29.0,47.0,33.0,65.0,31.0,1,1949.0,3
Estrella,Villoldo,pase,32.0,32.0,65.0,30.0,90.0,47.0,1,1952.0,3
Estrella,Retamozo,recuperacion,33.0,11.0,20.0,80.0,,,1,1991.0,3
Estrella,Villoldo,perdida,33.0,13.0,20.0,80.0,,,1,1993.0,3
Estrella,Videla,recuperacion,33.0,27.0,30.0,69.0,,,1,2007.0,3
Estrella,Videla,pase,33.0,27.0,29.0,68.0,25.0,63.0,1,2007.0,3
Estrella,Romo,pase,33.0,28.0,24.0,62.0,30.0,62.0,1,2008.0,3
Estrella,Villoldo,pase,33.0,29.0,30.0,62.0,25.0,74.0,1,2009.0,3
Estrella,Videla,pase,33.0,30.0,25.0,73.0,35.0,73.0,1,2010.0,3
Estrella,Villoldo,conduccion,33.0,33.0,35.0,71.0,45.0,84.0,1,2013.0,3
Estrella,Villoldo,pase,33.0,35.0,44.0,84.0,60.0,94.0,1,2015.0,3
Estrella,Barneix,pase,33.0,37.0,60.0,93.0,60.0,71.0,1,2017.0,3
Estrella,Romo,pase,33.0,39.0,60.0,69.0,60.0,92.0,1,2019.0,3
Estrella,Barneix,pase,33.0,41.0,60.0,91.0,79.0,97.0,1,2021.0,3
Estrella,Villoldo,pase,33.0,43.0,79.0,94.0,80.0,77.0,1,2023.0,3
Estrella,Romo,pase,33.0,44.0,80.0,76.0,80.0,60.0,1,2024.0,3
Estrella,Videla,conduccion,33.0,47.0,80.0,59.0,80.0,76.0,1,2027.0,3
Estrella,Videla,pase,33.0,48.0,80.0,74.0,91.0,93.0,1,2028.0,3
Estrella,Villoldo,pase,33.0,51.0,90.0,91.0,83.0,85.0,1,2031.0,3
Estrella,Dedomingo,pase,33.0,54.0,83.0,84.0,94.0,97.0,1,2034.0,3
Estrella,Villoldo,centro,33.0,57.0,95.0,96.0,89.0,52.0,1,2037.0,3
Estrella,Romo,recuperacion,33.0,59.0,75.0,58.0,,,1,2039.0,3
Estrella,Romo,pase,34.0,0.0,75.0,58.0,75.0,71.0,1,2040.0,3
Estrella,Barneix,pase,34.0,1.0,75.0,71.0,70.0,60.0,1,2041.0,3
Estrella,Romo,pase,34.0,3.0,69.0,58.0,84.0,65.0,1,2043.0,3
Estrella,Dedomingo,perdida,34.0,6.0,84.0,64.0,,,1,2046.0,3
Estrella,Barneix,pase,34.0,19.0,70.0,98.0,79.0,97.0,1,2059.0,3
Estrella,Villoldo,centro,34.0,22.0,79.0,95.0,85.0,58.0,1,2062.0,3
Estrella,Videla,recuperacion,34.0,25.0,77.0,39.0,,,1,2065.0,3
Estrella,Videla,pase,34.0,26.0,77.0,38.0,59.0,48.0,1,2066.0,3
Estrella,Retamozo,remate,34.0,29.0,59.0,47.0,97.0,43.0,1,2069.0,3
Estrella,Gerardi,pase,35.0,3.0,5.0,62.0,10.0,34.0,1,2103.0,3
Estrella,Graso,pase,35.0,9.0,10.0,33.0,4.0,39.0,1,2109.0,3
Estrella,Gerardi,pase,35.0,14.0,4.0,37.0,21.0,92.0,1,2114.0,3
Estrella,Barneix,conduccion,35.0,22.0,19.0,91.0,66.0,92.0,1,2122.0,3
Estrella,Barneix,pase,35.0,23.0,65.0,90.0,75.0,79.0,1,2123.0,3
Estrella,Romo,pase,35.0,26.0,75.0,77.0,93.0,80.0,1,2126.0,3
Estrella,Videla,centro,35.0,27.0,92.0,80.0,84.0,62.0,1,2127.0,3
Estrella,Risculese,perdida,35.0,30.0,84.0,62.0,,,1,2130.0,3
Estrella,Graso,pase,35.0,46.0,20.0,1.0,30.0,4.0,1,2146.0,3
Estrella,Tourn,pase,35.0,51.0,30.0,3.0,17.0,11.0,1,2151.0,3
Estrella,Graso,pase,35.0,56.0,17.0,9.0,10.0,23.0,1,2156.0,3
Estrella,Gerardi,pase,35.0,57.0,9.0,23.0,29.0,15.0,1,2157.0,3
Estrella,Graso,despeje,36.0,5.0,5.0,25.0,,,1,2165.0,3
Estrella,Sanjiau,pase,36.0,44.0,5.0,63.0,65.0,67.0,1,2204.0,3
Estrella,Romo,pase,36.0,46.0,65.0,66.0,80.0,75.0,1,2206.0,3
Estrella,Videla,perdida,36.0,48.0,79.0,75.0,,,1,2208.0,3
Estrella,Barneix,despeje,36.0,49.0,49.0,67.0,,,1,2209.0,3
Estrella,Sanjiau,despeje,36.0,55.0,40.0,63.0,,,1,2215.0,3
Estrella,Sanjiau,recuperacion,37.0,19.0,25.0,25.0,,,1,2239.0,3
Estrella,Sanjiau,pase,37.0,20.0,24.0,24.0,35.0,11.0,1,2240.0,3
Estrella,Dedomingo,pase,37.0,22.0,35.0,11.0,60.0,8.0,1,2242.0,3
Estrella,Risculese,conduccion,37.0,25.0,60.0,7.0,70.0,5.0,1,2245.0,3
Estrella,Risculese,perdida,37.0,26.0,70.0,5.0,,,1,2246.0,3
Estrella,Romo,recuperacion,37.0,37.0,80.0,91.0,,,1,2257.0,3
Estrella,Romo,perdida,37.0,39.0,85.0,97.0,,,1,2259.0,3
Estrella,Graso,despeje,37.0,44.0,30.0,72.0,,,1,2264.0,3
Estrella,Romo,recuperacion,37.0,46.0,55.0,78.0,,,1,2266.0,3
Estrella,Romo,pase,37.0,47.0,56.0,77.0,54.0,83.0,1,2267.0,3
Estrella,Tourn,recuperacion,38.0,10.0,75.0,4.0,,,1,2290.0,3
Estrella,Tourn,falta recibida,38.0,13.0,75.0,3.0,,,1,2293.0,3
Estrella,Villoldo,tiro libre,38.0,58.0,75.0,2.0,90.0,39.0,1,2338.0,3
Estrella,Dedomingo,recuperacion,39.0,0.0,65.0,24.0,,,1,2340.0,3
Estrella,Dedomingo,pase,39.0,2.0,65.0,23.0,67.0,59.0,1,2342.0,3
Estrella,Videla,pase,39.0,4.0,67.0,58.0,82.0,73.0,1,2344.0,3
Estrella,Sanjiau,recuperacion,39.0,10.0,30.0,87.0,,,1,2350.0,3
Estrella,Sanjiau,pase,39.0,11.0,30.0,86.0,80.0,86.0,1,2351.0,3
Estrella,Retamozo,recuperacion,39.0,15.0,59.0,93.0,,,1,2355.0,3
Estrella,Retamozo,pase,39.0,16.0,60.0,92.0,78.0,93.0,1,2356.0,3
Estrella,Dedomingo,pase,39.0,19.0,78.0,92.0,69.0,73.0,1,2359.0,3
Estrella,Villoldo,pase,39.0,21.0,69.0,73.0,79.0,73.0,1,2361.0,3
Estrella,Dedomingo,perdida,39.0,25.0,80.0,73.0,,,1,2365.0,3
Estrella,Romo,recuperacion,39.0,28.0,65.0,75.0,,,1,2368.0,3
Estrella,Romo,pase,39.0,30.0,65.0,75.0,35.0,76.0,1,2370.0,3
Estrella,Sanjiau,perdida,39.0,32.0,35.0,76.0,,,1,2372.0,3
Estrella,Graso,despeje,39.0,34.0,20.0,62.0,,,1,2374.0,3
Estrella,Graso,despeje,39.0,39.0,20.0,95.0,,,1,2379.0,3
Estrella,Gerardi,despeje,40.0,18.0,5.0,42.0,,,1,2418.0,3
Estrella,Dedomingo,recuperacion,40.0,23.0,20.0,52.0,,,1,2423.0,3
Estrella,Dedomingo,conduccion,40.0,27.0,19.0,52.0,30.0,59.0,1,2427.0,3
Estrella,Dedomingo,pase,40.0,28.0,29.0,59.0,73.0,69.0,1,2428.0,3
Estrella,Videla,recuperacion,40.0,31.0,72.0,78.0,,,1,2431.0,3
Estrella,Videla,conduccion,40.0,33.0,72.0,77.0,90.0,84.0,1,2433.0,3
Estrella,Videla,centro,40.0,35.0,90.0,85.0,88.0,37.0,1,2435.0,3
Estrella,Risculese,remate,40.0,37.0,88.0,36.0,99.0,63.0,1,2437.0,3
Estrella,Retamozo,recuperacion,41.0,2.0,39.0,83.0,,,1,2462.0,3
Estrella,Retamozo,pase,41.0,3.0,39.0,81.0,45.0,87.0,1,2463.0,3
Estrella,Romo,pase,41.0,4.0,45.0,86.0,68.0,96.0,1,2464.0,3
Estrella,Videla,conduccion,41.0,7.0,69.0,95.0,55.0,95.0,1,2467.0,3
Estrella,Videla,pase,41.0,8.0,54.0,94.0,55.0,81.0,1,2468.0,3
Estrella,Barneix,pase,41.0,8.0,54.0,81.0,56.0,69.0,1,2468.0,3
Estrella,Dedomingo,perdida,41.0,15.0,56.0,67.0,,,1,2475.0,3
Estrella,Barneix,recuperacion,41.0,16.0,50.0,78.0,,,1,2476.0,3
Estrella,Barneix,pase,41.0,17.0,50.0,76.0,52.0,36.0,1,2477.0,3
Estrella,Villoldo,remate,41.0,19.0,52.0,34.0,99.0,54.0,1,2479.0,3
Estrella,Sanjiau,despeje,41.0,34.0,39.0,76.0,,,1,2494.0,3
Estrella,Romo,recuperacion,41.0,35.0,40.0,82.0,,,1,2495.0,3
Estrella,Romo,pase,41.0,37.0,40.0,83.0,15.0,71.0,1,2497.0,3
Estrella,Graso,pase,41.0,41.0,15.0,71.0,73.0,80.0,1,2501.0,3
Estrella,Videla,falta cometida,41.0,44.0,73.0,79.0,,,1,2504.0,3
Estrella,Villoldo,tiro libre,42.0,43.0,49.0,4.0,30.0,7.0,1,2563.0,3
Estrella,Graso,pase,42.0,45.0,29.0,5.0,23.0,46.0,1,2565.0,3
Estrella,Sanjiau,pase,42.0,49.0,23.0,45.0,76.0,66.0,1,2569.0,3
Estrella,Videla,falta cometida,42.0,54.0,57.0,75.0,,,1,2574.0,3
Estrella,Gerardi,recuperacion,43.0,15.0,4.0,25.0,,,1,2595.0,3
Estrella,Gerardi,pase,43.0,19.0,3.0,23.0,24.0,5.0,1,2599.0,3
Estrella,Tourn,pase,43.0,25.0,24.0,5.0,65.0,5.0,1,2605.0,3
Estrella,Tourn,despeje,43.0,54.0,25.0,9.0,,,1,2634.0,3
Estrella,Sanjiau,despeje,43.0,58.0,15.0,29.0,,,1,2638.0,3
Estrella,Videla,recuperacion,44.0,19.0,19.0,92.0,,,1,2659.0,3
Estrella,Videla,falta recibida,44.0,21.0,18.0,91.0,,,1,2661.0,3
Estrella,Sanjiau,tiro libre,44.0,44.0,18.0,89.0,54.0,12.0,1,2684.0,3
Estrella,Tourn,perdida,44.0,45.0,54.0,12.0,,,1,2685.0,3
Estrella,Gerardi,recuperacion,44.0,50.0,10.0,30.0,,,1,2690.0,3
Estrella,Gerardi,pase,44.0,58.0,15.0,38.0,77.0,37.0,1,2698.0,3
Estrella,Villoldo,falta recibida,45.0,2.0,55.0,32.0,,,1,2702.0,3
Estrella,Villoldo,tiro libre,45.0,55.0,55.0,30.0,87.0,46.0,1,2755.0,3
Estrella,Risculese,pase,0.0,2.0,50.0,50.0,81.0,50.0,1,2.0,3
Estrella,Sanjiau,pase,0.0,6.0,81.0,49.0,13.0,19.0,1,6.0,3
Estrella,Retamozo,falta cometida,0.0,32.0,49.0,26.0,,,1,32.0,3
Estrella,Dedomingo,recuperacion,0.0,56.0,26.0,85.0,,,1,56.0,3
Estrella,Dedomingo,pase,0.0,58.0,25.0,85.0,23.0,71.0,1,58.0,3
Estrella,Villoldo,conduccion,1.0,2.0,23.0,70.0,2.0,76.0,1,62.0,3
Estrella,Villoldo,centro,1.0,3.0,2.0,76.0,,,1,63.0,3
Estrella,Tourn,falta cometida,1.0,16.0,11.0,87.0,,,1,76.0,3
Estrella,Tourn,despeje,1.0,56.0,82.0,91.0,,,1,116.0,3
Estrella,Risculese,despeje,2.0,1.0,55.0,95.0,,,1,121.0,3
Estrella,Graso,despeje,2.0,14.0,85.0,84.0,,,1,134.0,3
Estrella,Tourn,pase,2.0,26.0,83.0,97.0,40.0,89.0,1,146.0,3
Estrella,Risculese,pase,2.0,29.0,40.0,88.0,25.0,71.0,1,149.0,3
Estrella,Gerardi,recuperacion,3.0,37.0,92.0,55.0,,,1,217.0,3
Estrella,Gerardi,pase,3.0,45.0,85.0,62.0,38.0,11.0,1,225.0,3
Estrella,Videla,conduccion,3.0,48.0,38.0,11.0,28.0,28.0,1,228.0,3
Estrella,Videla,pase,3.0,50.0,28.0,27.0,26.0,33.0,1,230.0,3
Estrella,Risculese,pase,3.0,51.0,26.0,33.0,18.0,56.0,1,231.0,3
Estrella,Risculese,remate,3.0,52.0,17.0,55.0,15.0,52.0,1,232.0,3
Estrella,Graso,despeje,3.0,57.0,65.0,67.0,,,1,237.0,3
Estrella,Retamozo,recuperacion,3.0,59.0,72.0,52.0,,,1,239.0,3
Estrella,Retamozo,pase,3.0,59.0,70.0,52.0,76.0,71.0,1,239.0,3
Estrella,Graso,pase,4.0,1.0,76.0,70.0,55.0,63.0,1,241.0,3
Estrella,Dedomingo,pase,4.0,2.0,54.0,62.0,44.0,58.0,1,242.0,3
Estrella,Villoldo,falta recibida,4.0,5.0,44.0,57.0,,,1,245.0,3
Estrella,Dedomingo,tiro libre,5.0,1.0,40.0,70.0,5.0,28.0,1,301.0,3
Estrella,Dedomingo,corner,5.0,30.0,0.0,1.0,1.0,52.0,1,330.0,3
Estrella,Barneix,pase,6.0,14.0,48.0,1.0,29.0,5.0,1,374.0,3
Estrella,Barneix,centro,6.0,27.0,15.0,1.0,10.0,32.0,1,387.0,3
Estrella,Risculese,pase,6.0,28.0,9.0,30.0,10.0,45.0,1,388.0,3
Estrella,Barneix,despeje,6.0,39.0,51.0,10.0,,,1,399.0,3
Estrella,Barneix,falta cometida,6.0,47.0,31.0,4.0,,,1,407.0,3
Estrella,Retamozo,despeje,7.0,4.0,56.0,37.0,,,1,424.0,3
Estrella,Videla,recuperacion,7.0,5.0,45.0,33.0,,,1,425.0,3
Estrella,Videla,pase,7.0,6.0,45.0,32.0,31.0,20.0,1,426.0,3
Estrella,Villoldo,perdida,7.0,9.0,31.0,19.0,,,1,429.0,3
Estrella,Barneix,despeje,7.0,18.0,61.0,12.0,,,1,438.0,3
Estrella,Retamozo,recuperacion,7.0,37.0,51.0,65.0,,,1,457.0,3
Estrella,Retamozo,conduccion,7.0,40.0,51.0,65.0,35.0,49.0,1,460.0,3
Estrella,Retamozo,pase,7.0,41.0,35.0,48.0,32.0,34.0,1,461.0,3
Estrella,Videla,perdida,7.0,42.0,32.0,32.0,,,1,462.0,3
Estrella,Sanjiau,tiro libre,8.0,19.0,80.0,18.0,15.0,19.0,1,499.0,3
Estrella,Barneix,recuperacion,8.0,21.0,41.0,12.0,,,1,501.0,3
Estrella,Barneix,pase,8.0,22.0,40.0,11.0,30.0,18.0,1,502.0,3
Estrella,Romo,pase,8.0,24.0,29.0,17.0,44.0,29.0,1,504.0,3
Estrella,Retamozo,pase,8.0,27.0,44.0,28.0,74.0,24.0,1,507.0,3
Estrella,Sanjiau,pase,8.0,28.0,74.0,23.0,55.0,8.0,1,508.0,3
Estrella,Barneix,pase,8.0,30.0,55.0,7.0,35.0,6.0,1,510.0,3
Estrella,Romo,perdida,8.0,31.0,35.0,5.0,,,1,511.0,3
Estrella,Barneix,pase,9.0,28.0,54.0,2.0,36.0,5.0,1,568.0,3
Estrella,Villoldo,pase,9.0,30.0,36.0,5.0,36.0,15.0,1,570.0,3
Estrella,Romo,pase,9.0,31.0,35.0,15.0,25.0,7.0,1,571.0,3
Estrella,Videla,centro,9.0,34.0,24.0,6.0,11.0,46.0,1,574.0,3
Estrella,Graso,recuperacion,9.0,44.0,89.0,94.0,,,1,584.0,3
Estrella,Graso,pase,9.0,48.0,89.0,93.0,80.0,88.0,1,588.0,3
Estrella,Graso,pase,9.0,51.0,81.0,88.0,43.0,88.0,1,591.0,3
Estrella,Tourn,falta cometida,10.0,13.0,53.0,98.0,,,1,613.0,3
Estrella,Gerardi,despeje,10.0,40.0,90.0,49.0,,,1,640.0,3
Estrella,Graso,recuperacion,10.0,51.0,90.0,86.0,,,1,651.0,3
Estrella,Graso,despeje,10.0,52.0,90.0,86.0,,,1,652.0,3
Estrella,Donoso,recuperacion,12.0,33.0,91.0,71.0,,,1,753.0,3
Estrella,Donoso,pase,12.0,34.0,91.0,71.0,85.0,76.0,1,754.0,3
Estrella,Retamozo,despeje,12.0,35.0,85.0,76.0,,,1,755.0,3
Estrella,Villoldo,despeje,12.0,38.0,60.0,63.0,,,1,758.0,3
Estrella,Videla,recuperacion,12.0,41.0,45.0,52.0,,,1,761.0,3
Estrella,Videla,pase,12.0,41.0,45.0,51.0,50.0,42.0,1,761.0,3
Estrella,Romo,pase,12.0,44.0,50.0,41.0,38.0,14.0,1,764.0,3
Estrella,Barneix,conduccion,12.0,46.0,37.0,13.0,24.0,16.0,1,766.0,3
Estrella,Barneix,centro,12.0,47.0,24.0,15.0,19.0,20.0,1,767.0,3
Estrella,Barneix,centro,13.0,1.0,13.0,1.0,9.0,24.0,1,781.0,3
Estrella,Risculese,pase,13.0,3.0,8.0,23.0,8.0,6.0,1,783.0,3
Estrella,Barneix,centro,13.0,5.0,8.0,5.0,1.0,21.0,1,785.0,3
Estrella,Sanjiau,despeje,13.0,31.0,74.0,58.0,,,1,811.0,3
Estrella,Romo,recuperacion,13.0,32.0,65.0,52.0,,,1,812.0,3
Estrella,Romo,pase,13.0,37.0,65.0,51.0,19.0,6.0,1,817.0,3
Estrella,Videla,centro,13.0,40.0,19.0,5.0,10.0,38.0,1,820.0,3
Estrella,Donoso,recuperacion,13.0,48.0,26.0,86.0,,,1,828.0,3
Estrella,Donoso,conduccion,13.0,53.0,26.0,86.0,10.0,96.0,1,833.0,3
Estrella,Donoso,perdida,13.0,53.0,10.0,96.0,,,1,833.0,3
Estrella,Romo,recuperacion,14.0,20.0,40.0,73.0,,,1,860.0,3
Estrella,Romo,perdida,14.0,22.0,40.0,73.0,,,1,862.0,3
Estrella,Romo,falta cometida,14.0,26.0,35.0,60.0,,,1,866.0,3
Estrella,Barneix,recuperacion,15.0,3.0,75.0,11.0,,,1,903.0,3
Estrella,Barneix,pase,15.0,7.0,74.0,11.0,50.0,1.0,1,907.0,3
Estrella,Videla,recuperacion,15.0,28.0,39.0,8.0,,,1,928.0,3
Estrella,Videla,pase,15.0,30.0,39.0,7.0,,,1,930.0,3
Estrella,Villoldo,perdida,15.0,33.0,40.0,6.0,,,1,933.0,3
Estrella,Sanjiau,despeje,15.0,42.0,85.0,2.0,,,1,942.0,3
Estrella,Romo,recuperacion,16.0,27.0,80.0,5.0,,,1,987.0,3
Estrella,Romo,pase,16.0,28.0,81.0,3.0,87.0,11.0,1,988.0,3
Estrella,Barneix,pase,16.0,31.0,87.0,11.0,55.0,32.0,1,991.0,3
Estrella,Risculese,pase,16.0,34.0,55.0,31.0,44.0,15.0,1,994.0,3
Estrella,Videla,conduccion,16.0,37.0,44.0,14.0,25.0,10.0,1,997.0,3
Estrella,Videla,perdida,16.0,38.0,25.0,8.0,,,1,998.0,3
Estrella,Barneix,pase,16.0,45.0,40.0,1.0,39.0,10.0,1,1005.0,3
Estrella,Romo,pase,16.0,48.0,39.0,10.0,25.0,3.0,1,1008.0,3
Estrella,Villoldo,conduccion,16.0,51.0,25.0,2.0,19.0,8.0,1,1011.0,3
Estrella,Villoldo,falta recibida,16.0,53.0,19.0,7.0,,,1,1013.0,3
Estrella,Dedomingo,tiro libre,17.0,39.0,19.0,6.0,4.0,62.0,1,1059.0,3
Estrella,Dedomingo,recuperacion,18.0,2.0,18.0,95.0,,,1,1082.0,3
Estrella,Dedomingo,perdida,18.0,5.0,18.0,93.0,,,1,1085.0,3
Estrella,Donoso,recuperacion,18.0,9.0,35.0,86.0,,,1,1089.0,3
Estrella,Donoso,pase,18.0,9.0,35.0,86.0,20.0,54.0,1,1089.0,3
Estrella,Videla,pase,18.0,13.0,20.0,53.0,2.0,91.0,1,1093.0,3
Estrella,Villoldo,perdida,18.0,22.0,2.0,90.0,,,1,1102.0,3
Estrella,Dedomingo,despeje,18.0,53.0,13.0,94.0,,,1,1133.0,3
Estrella,Romo,recuperacion,18.0,56.0,37.0,78.0,,,1,1136.0,3
Estrella,Romo,pase,19.0,0.0,37.0,78.0,18.0,67.0,1,1140.0,3
Estrella,Risculese,perdida,19.0,0.0,17.0,67.0,,,1,1140.0,3
Estrella,Sanjiau,recuperacion,19.0,2.0,60.0,64.0,,,1,1142.0,3
Estrella,Sanjiau,pase,19.0,3.0,60.0,63.0,44.0,84.0,1,1143.0,3
Estrella,Donoso,pase,19.0,4.0,44.0,82.0,28.0,91.0,1,1144.0,3
Estrella,Dedomingo,pase,19.0,7.0,28.0,90.0,15.0,94.0,1,1147.0,3
Estrella,Donoso,centro,19.0,10.0,14.0,92.0,14.0,57.0,1,1150.0,3
Estrella,Retamozo,recuperacion,19.0,12.0,45.0,55.0,,,1,1152.0,3
Estrella,Retamozo,pase,19.0,14.0,45.0,55.0,37.0,56.0,1,1154.0,3
Estrella,Romo,pase,19.0,16.0,37.0,54.0,42.0,14.0,1,1156.0,3
Estrella,Barneix,centro,19.0,20.0,42.0,13.0,9.0,65.0,1,1160.0,3
Estrella,Romo,despeje,19.0,36.0,28.0,56.0,,,1,1176.0,3
Estrella,Gerardi,recuperacion,19.0,44.0,90.0,31.0,,,1,1184.0,3
Estrella,Gerardi,pase,19.0,50.0,89.0,30.0,81.0,5.0,1,1190.0,3
Estrella,Barneix,conduccion,19.0,55.0,82.0,4.0,46.0,5.0,1,1195.0,3
Estrella,Barneix,pase,19.0,56.0,46.0,4.0,31.0,7.0,1,1196.0,3
Estrella,Villoldo,perdida,19.0,58.0,31.0,6.0,,,1,1198.0,3
Estrella,Graso,despeje,20.0,14.0,91.0,38.0,,,1,1214.0,3
Estrella,Dedomingo,recuperacion,20.0,16.0,80.0,34.0,,,1,1216.0,3
Estrella,Dedomingo,pase,20.0,18.0,79.0,33.0,71.0,18.0,1,1218.0,3
Estrella,Romo,pase,20.0,19.0,71.0,18.0,43.0,16.0,1,1219.0,3
Estrella,Romo,recuperacion,20.0,22.0,47.0,7.0,,,1,1222.0,3
Estrella,Romo,pase,20.0,23.0,46.0,6.0,34.0,5.0,1,1223.0,3
Estrella,Videla,pase,20.0,24.0,33.0,5.0,34.0,10.0,1,1224.0,3
Estrella,Romo,perdida,20.0,26.0,33.0,10.0,,,1,1226.0,3
Estrella,Barneix,despeje,20.0,30.0,60.0,7.0,,,1,1230.0,3
Estrella,Dedomingo,recuperacion,20.0,32.0,40.0,13.0,,,1,1232.0,3
Estrella,Dedomingo,falta recibida,20.0,34.0,40.0,13.0,,,1,1234.0,3
Estrella,Villoldo,tiro libre,21.0,22.0,40.0,11.0,9.0,37.0,1,1282.0,3
Estrella,Donoso,falta cometida,21.0,29.0,21.0,89.0,,,1,1289.0,3
Estrella,Graso,despeje,22.0,13.0,87.0,62.0,,,1,1333.0,3
Estrella,Romo,falta recibida,22.0,19.0,66.0,39.0,,,1,1339.0,3
Estrella,Sanjiau,tiro libre,22.0,38.0,66.0,38.0,46.0,7.0,1,1358.0,3
Estrella,Barneix,pase,22.0,41.0,45.0,6.0,30.0,6.0,1,1361.0,3
Estrella,Marinucci,conduccion,22.0,44.0,30.0,5.0,11.0,5.0,1,1364.0,3
Estrella,Marinucci,pase,22.0,46.0,10.0,4.0,17.0,16.0,1,1366.0,3
Estrella,Videla,perdida,22.0,57.0,17.0,15.0,,,1,1377.0,3
Estrella,Dedomingo,corner,23.0,19.0,0.0,0.0,10.0,64.0,1,1399.0,3
Estrella,Romo,remate,23.0,22.0,10.0,64.0,3.0,54.0,1,1402.0,3
Estrella,Romo,remate,23.0,28.0,10.0,85.0,4.0,50.0,1,1408.0,3
Estrella,Gerardi,pase,24.0,11.0,89.0,49.0,89.0,32.0,1,1451.0,3
Estrella,Sanjiau,pase,24.0,16.0,89.0,30.0,87.0,3.0,1,1456.0,3
Estrella,Barneix,pase,24.0,25.0,87.0,2.0,30.0,25.0,1,1465.0,3
Estrella,Marinucci,falta recibida,24.0,26.0,30.0,24.0,,,1,1466.0,3
Estrella,Dedomingo,tiro libre,25.0,20.0,30.0,23.0,0.0,42.0,1,1520.0,3
Estrella,Dedomingo,corner,26.0,5.0,0.0,1.0,10.0,49.0,1,1565.0,3
Estrella,Dedomingo,recuperacion,26.0,9.0,1.0,27.0,,,1,1569.0,3
Estrella,Dedomingo,remate,26.0,12.0,1.0,27.0,2.0,43.0,1,1572.0,3
Estrella,Dedomingo,remate,26.0,14.0,12.0,28.0,1.0,45.0,1,1574.0,3
Estrella,Marinucci,falta cometida,26.0,37.0,28.0,5.0,,,1,1597.0,3
Estrella,Graso,despeje,26.0,57.0,84.0,30.0,,,1,1617.0,3
Estrella,Romo,despeje,26.0,59.0,65.0,26.0,,,1,1619.0,3
Estrella,Barneix,despeje,27.0,5.0,65.0,13.0,,,1,1625.0,3
Estrella,Romo,recuperacion,27.0,6.0,56.0,22.0,,,1,1626.0,3
Estrella,Romo,pase,27.0,8.0,55.0,21.0,20.0,18.0,1,1628.0,3
Estrella,Barneix,centro,27.0,31.0,20.0,1.0,10.0,27.0,1,1651.0,3
Estrella,Marinucci,pase,27.0,34.0,10.0,25.0,19.0,25.0,1,1654.0,3
Estrella,Dedomingo,remate,27.0,38.0,19.0,24.0,1.0,53.0,1,1658.0,3
Estrella,Sanjiau,despeje,27.0,48.0,86.0,56.0,,,1,1668.0,3
Estrella,Donoso,despeje,27.0,54.0,88.0,75.0,,,1,1674.0,3
Estrella,Donoso,pase,28.0,11.0,25.0,98.0,9.0,83.0,1,1691.0,3
Estrella,Risculese,perdida,28.0,17.0,9.0,83.0,,,1,1697.0,3
Estrella,Videla,recuperacion,28.0,21.0,10.0,90.0,,,1,1701.0,3
Estrella,Videla,conduccion,28.0,24.0,10.0,89.0,10.0,76.0,1,1704.0,3
Estrella,Videla,pase,28.0,25.0,10.0,76.0,15.0,70.0,1,1705.0,3
Estrella,Marinucci,remate,28.0,27.0,15.0,70.0,5.0,24.0,1,1707.0,3
Estrella,Romo,pase,28.0,30.0,4.0,22.0,17.0,22.0,1,1710.0,3
Estrella,Barneix,centro,28.0,32.0,17.0,20.0,8.0,37.0,1,1712.0,3
Estrella,Barneix,recuperacion,28.0,43.0,34.0,3.0,,,1,1723.0,3
Estrella,Barneix,conduccion,28.0,44.0,34.0,3.0,15.0,3.0,1,1724.0,3
Estrella,Barneix,centro,28.0,45.0,15.0,2.0,14.0,19.0,1,1725.0,3
Estrella,Donoso,pase,29.0,7.0,45.0,98.0,12.0,92.0,1,1747.0,3
Estrella,Risculese,conduccion,29.0,10.0,11.0,91.0,15.0,77.0,1,1750.0,3
Estrella,Risculese,pase,29.0,12.0,14.0,76.0,19.0,62.0,1,1752.0,3
Estrella,Videla,perdida,29.0,13.0,19.0,62.0,,,1,1753.0,3
Estrella,Donoso,pase,29.0,29.0,31.0,99.0,14.0,90.0,1,1769.0,3
Estrella,Dedomingo,falta cometida,29.0,31.0,14.0,89.0,,,1,1771.0,3
Estrella,Donoso,recuperacion,31.0,30.0,90.0,76.0,,,1,1890.0,3
Estrella,Donoso,pase,31.0,31.0,89.0,76.0,75.0,73.0,1,1891.0,3
Estrella,Dedomingo,pase,31.0,33.0,75.0,71.0,68.0,82.0,1,1893.0,3
Estrella,Donoso,pase,31.0,43.0,71.0,98.0,65.0,77.0,1,1903.0,3
Estrella,Retamozo,pase,31.0,47.0,65.0,78.0,51.0,40.0,1,1907.0,3
Estrella,Romo,pase,31.0,50.0,50.0,39.0,70.0,23.0,1,1910.0,3
Estrella,Sanjiau,pase,32.0,2.0,70.0,22.0,3.0,77.0,1,1922.0,3
Estrella,Graso,despeje,32.0,22.0,58.0,41.0,,,1,1942.0,3
Estrella,Donoso,recuperacion,32.0,31.0,49.0,75.0,,,1,1951.0,3
Estrella,Donoso,conduccion,32.0,34.0,49.0,74.0,40.0,91.0,1,1954.0,3
Estrella,Donoso,perdida,32.0,35.0,40.0,90.0,,,1,1955.0,3
Estrella,Romo,recuperacion,32.0,40.0,55.0,69.0,,,1,1960.0,3
Estrella,Romo,perdida,32.0,42.0,55.0,73.0,,,1,1962.0,3
Estrella,Videla,despeje,33.0,15.0,55.0,82.0,,,1,1995.0,3
Estrella,Romo,recuperacion,33.0,16.0,62.0,68.0,,,1,1996.0,3
Estrella,Romo,pase,33.0,18.0,61.0,68.0,47.0,53.0,1,1998.0,3
Estrella,Marinucci,perdida,33.0,20.0,47.0,52.0,,,1,2000.0,3
Estrella,Marinucci,falta cometida,33.0,36.0,39.0,34.0,,,1,2016.0,3
Estrella,Donoso,recuperacion,33.0,46.0,65.0,95.0,,,1,2026.0,3
Estrella,Donoso,pase,33.0,47.0,64.0,95.0,41.0,89.0,1,2027.0,3
Estrella,Marinucci,pase,33.0,50.0,40.0,88.0,30.0,94.0,1,2030.0,3
Estrella,Donoso,centro,34.0,23.0,30.0,97.0,14.0,74.0,1,2063.0,3
Estrella,Romo,pase,34.0,24.0,14.0,74.0,13.0,94.0,1,2064.0,3
Estrella,Donoso,conduccion,34.0,29.0,12.0,94.0,1.0,78.0,1,2069.0,3
Estrella,Donoso,centro,34.0,30.0,1.0,79.0,6.0,56.0,1,2070.0,3
Estrella,Barneix,recuperacion,34.0,34.0,14.0,28.0,,,1,2074.0,3
Estrella,Barneix,conduccion,34.0,34.0,14.0,28.0,5.0,25.0,1,2074.0,3
Estrella,Barneix,falta cometida,34.0,37.0,5.0,24.0,,,1,2077.0,3
Estrella,Pilat,recuperacion,36.0,3.0,68.0,19.0,,,1,2163.0,3
Estrella,Pilat,pase,36.0,5.0,68.0,18.0,31.0,8.0,1,2165.0,3
Estrella,Marcoff,pase,36.0,6.0,29.0,7.0,35.0,4.0,1,2166.0,3
Estrella,Marinucci,conduccion,36.0,12.0,35.0,2.0,14.0,22.0,1,2172.0,3
Estrella,Marinucci,perdida,36.0,15.0,14.0,22.0,,,1,2175.0,3
Estrella,Graso,recuperacion,36.0,41.0,74.0,69.0,,,1,2201.0,3
Estrella,Graso,pase,36.0,43.0,74.0,69.0,39.0,51.0,1,2203.0,3
Estrella,Marinucci,pase,36.0,43.0,38.0,51.0,26.0,57.0,1,2203.0,3
Estrella,Donoso,despeje,36.0,55.0,48.0,80.0,,,1,2215.0,3
Estrella,Sanjiau,despeje,37.0,0.0,79.0,28.0,,,1,2220.0,3
Estrella,Pilat,recuperacion,37.0,5.0,86.0,26.0,,,1,2225.0,3
Estrella,Pilat,pase,37.0,6.0,85.0,25.0,92.0,25.0,1,2226.0,3
Estrella,Sanjiau,conduccion,37.0,9.0,92.0,24.0,89.0,5.0,1,2229.0,3
Estrella,Sanjiau,despeje,37.0,14.0,89.0,5.0,,,1,2234.0,3
Estrella,Pilat,despeje,37.0,45.0,79.0,5.0,,,1,2265.0,3
Estrella,Retamozo,despeje,37.0,52.0,60.0,33.0,,,1,2272.0,3
Estrella,Videla,recuperacion,37.0,55.0,54.0,39.0,,,1,2275.0,3
Estrella,Videla,pase,37.0,57.0,54.0,38.0,51.0,29.0,1,2277.0,3
Estrella,Romo,falta cometida,38.0,1.0,43.0,34.0,,,1,2281.0,3
Estrella,Pilat,recuperacion,38.0,9.0,70.0,13.0,,,1,2289.0,3
Estrella,Pilat,despeje,38.0,14.0,69.0,12.0,,,1,2294.0,3
Estrella,Pilat,pase,39.0,1.0,64.0,2.0,49.0,8.0,1,2341.0,3
Estrella,Romo,pase,39.0,3.0,49.0,7.0,55.0,3.0,1,2343.0,3
Estrella,Pilat,pase,39.0,3.0,54.0,3.0,37.0,9.0,1,2343.0,3
Estrella,Marinucci,perdida,39.0,7.0,37.0,9.0,,,1,2347.0,3
Estrella,Pilat,pase,39.0,12.0,38.0,1.0,25.0,19.0,1,2352.0,3
Estrella,Marcoff,pase,39.0,15.0,24.0,17.0,28.0,30.0,1,2355.0,3
Estrella,Videla,despeje,39.0,17.0,29.0,31.0,,,1,2357.0,3
Estrella,Graso,recuperacion,39.0,22.0,53.0,68.0,,,1,2362.0,3
Estrella,Graso,pase,39.0,24.0,52.0,67.0,45.0,60.0,1,2364.0,3
Estrella,Videla,pase,39.0,26.0,44.0,58.0,42.0,45.0,1,2366.0,3
Estrella,Videla,recuperacion,39.0,30.0,39.0,55.0,,,1,2370.0,3
Estrella,Videla,pase,39.0,30.0,38.0,53.0,33.0,46.0,1,2370.0,3
Estrella,Videla,recuperacion,39.0,31.0,38.0,53.0,,,1,2371.0,3
Estrella,Videla,conduccion,39.0,36.0,37.0,51.0,21.0,64.0,1,2376.0,3
Estrella,Videla,perdida,39.0,36.0,20.0,64.0,,,1,2376.0,3
Estrella,Videla,recuperacion,39.0,39.0,19.0,64.0,,,1,2379.0,3
Estrella,Ramos,recuperacion,39.0,41.0,17.0,82.0,,,1,2381.0,3
Estrella,Ramos,pase,39.0,44.0,16.0,81.0,10.0,87.0,1,2384.0,3
Estrella,Donoso,conduccion,39.0,46.0,10.0,86.0,1.0,74.0,1,2386.0,3
Estrella,Donoso,centro,39.0,48.0,1.0,74.0,2.0,56.0,1,2388.0,3
Estrella,Marinucci,gol,39.0,49.0,2.0,55.0,0.0,52.0,1,2389.0,3
Estrella,Gerardi,pase,41.0,22.0,95.0,36.0,95.0,62.0,1,2482.0,3
Estrella,Graso,pase,41.0,26.0,95.0,62.0,85.0,93.0,1,2486.0,3
Estrella,Donoso,pase,41.0,31.0,85.0,93.0,17.0,71.0,1,2491.0,3
Estrella,Videla,recuperacion,41.0,33.0,36.0,64.0,,,1,2493.0,3
Estrella,Videla,perdida,41.0,34.0,35.0,61.0,,,1,2494.0,3
Estrella,Romo,recuperacion,41.0,35.0,45.0,56.0,,,1,2495.0,3
Estrella,Romo,pase,41.0,38.0,45.0,56.0,38.0,13.0,1,2498.0,3
Estrella,Pilat,conduccion,41.0,42.0,38.0,13.0,15.0,13.0,1,2502.0,3
Estrella,Pilat,centro,41.0,43.0,15.0,10.0,10.0,32.0,1,2503.0,3
Estrella,Donoso,recuperacion,41.0,49.0,55.0,54.0,,,1,2509.0,3
Estrella,Donoso,pase,41.0,54.0,55.0,53.0,3.0,78.0,1,2514.0,3
Estrella,Sanjiau,despeje,42.0,9.0,55.0,40.0,,,1,2529.0,3
Estrella,Donoso,recuperacion,42.0,20.0,92.0,87.0,,,1,2540.0,3
Estrella,Donoso,despeje,42.0,22.0,92.0,86.0,,,1,2542.0,3
Estrella,Pilat,despeje,42.0,33.0,94.0,30.0,,,1,2553.0,3
Estrella,Gerardi,despeje,43.0,6.0,94.0,50.0,,,1,2586.0,3
Estrella,Marinucci,despeje,43.0,10.0,89.0,68.0,,,1,2590.0,3
Estrella,Sanjiau,despeje,43.0,14.0,86.0,44.0,,,1,2594.0,3
Estrella,Donoso,falta cometida,43.0,21.0,75.0,61.0,,,1,2601.0,3
Estrella,Gerardi,recuperacion,44.0,15.0,98.0,56.0,,,1,2655.0,3
Estrella,Gerardi,pase,44.0,27.0,97.0,54.0,89.0,90.0,1,2667.0,3
Estrella,Donoso,pase,44.0,29.0,87.0,89.0,45.0,63.0,1,2669.0,3
Estrella,Marcoff,perdida,44.0,34.0,45.0,62.0,,,1,2674.0,3
Estrella,Gerardi,pase,45.0,46.0,95.0,61.0,10.0,90.0,1,2746.0,3
Estrella,Ramos,centro,45.0,48.0,10.0,90.0,10.0,64.0,1,2748.0,3
Estrella,Videla,despeje,45.0,53.0,42.0,73.0,,,1,2753.0,3
Estrella,Retamozo,despeje,46.0,10.0,15.0,9.0,,,2,2770.0,3
Estrella,Romo,recuperacion,46.0,19.0,36.0,60.0,,,2,2779.0,3
Estrella,Romo,perdida,46.0,20.0,37.0,60.0,,,2,2780.0,3
Estrella,Sanjiau,despeje,46.0,26.0,10.0,75.0,,,2,2786.0,3
Estrella,Marinucci,despeje,46.0,29.0,42.0,76.0,,,2,2789.0,3
Estrella,Retamozo,despeje,46.0,33.0,35.0,55.0,,,2,2793.0,3
Estrella,Retamozo,despeje,46.0,43.0,45.0,61.0,,,2,2803.0,3
Estrella,Ramos,recuperacion,46.0,44.0,51.0,37.0,,,2,2804.0,3
Estrella,Ramos,conduccion,46.0,50.0,51.0,37.0,94.0,16.0,2,2810.0,3
Estrella,Ramos,centro,46.0,53.0,94.0,16.0,97.0,68.0,2,2813.0,3
Estrella,Pilat,recuperacion,46.0,59.0,71.0,90.0,,,2,2819.0,3
Estrella,Pilat,pase,47.0,2.0,71.0,92.0,80.0,80.0,2,2822.0,3
Estrella,Videla,pase,47.0,3.0,81.0,81.0,76.0,82.0,2,2823.0,3
Estrella,Pilat,remate,47.0,3.0,76.0,83.0,81.0,77.0,2,2823.0,3
Estrella,Retamozo,recuperacion,47.0,16.0,30.0,81.0,,,2,2836.0,3
Estrella,Retamozo,pase,47.0,16.0,30.0,81.0,20.0,77.0,2,2836.0,3
Estrella,Sanjiau,pase,47.0,22.0,21.0,78.0,61.0,40.0,2,2842.0,3
Estrella,Marcoff,recuperacion,47.0,23.0,65.0,64.0,,,2,2843.0,3
Estrella,Marcoff,remate,47.0,23.0,65.0,65.0,98.0,43.0,2,2843.0,3
Estrella,Graso,despeje,47.0,34.0,30.0,39.0,,,2,2854.0,3
Estrella,Ramos,recuperacion,47.0,35.0,58.0,23.0,,,2,2855.0,3
Estrella,Ramos,pase,47.0,39.0,59.0,24.0,61.0,56.0,2,2859.0,3
Estrella,Romo,pase,47.0,41.0,61.0,56.0,67.0,87.0,2,2861.0,3
Estrella,Pilat,centro,47.0,45.0,68.0,88.0,90.0,60.0,2,2865.0,3
Estrella,Marinucci,remate,47.0,45.0,90.0,61.0,99.0,57.0,2,2865.0,3
Estrella,Retamozo,despeje,48.0,16.0,20.0,52.0,,,2,2896.0,3
Estrella,Gerardi,recuperacion,48.0,26.0,5.0,46.0,,,2,2906.0,3
